{"Mean": 3.0, "Variance": 2.0999999999999996, "Standard Deviation": 1.4491376746189437, "Median": 3}