{"Sample Mean": 0.56, "Sample Variance": 0.2463999999999999, "Sample Standard Deviation": 0.49638694583963416, "Sample Median": 0, "N": 50, "P": 0.56}