{"Mean": 28.000000000000004, "Variance": 12.32, "Standard Deviation": 3.509985754956849, "Median": 28, "N": 50, "P": 0.56}